{"cameraMode":{"drawMode":0,"name":"Shaded","section":"Shading Mode"},"sceneLighting":true,"audioPlay":false,"sceneViewState":{"showFog":true,"showMaterialUpdate":false,"showSkybox":true,"showFlares":true,"showImageEffects":true,"showParticleSystems":true},"in2DMode":false,"pivot":{"x":120.88771057128906,"y":111.53782653808594,"z":39.24822235107422},"rotation":{"x":-0.20867446064949037,"y":0.028451813384890558,"z":-0.006073133088648319,"w":-0.9775524139404297},"size":931.0604858398438,"orthographic":false}